"Country Name","Country Code","Indicator Name","Indicator Code","1960","1961","1962","1963","1964","1965","1966","1967","1968","1969","1970","1971","1972","1973","1974","1975","1976","1977","1978","1979","1980","1981","1982","1983","1984","1985","1986","1987","1988","1989","1990","1991","1992","1993","1994","1995","1996","1997","1998","1999","2000","2001","2002","2003","2004","2005","2006","2007","2008","2009","2010","2011","2012","2013","2014","2015","2016","2017",
"Aruba","ABW","PM2.5 pollution, population exposed to levels exceeding WHO Interim Target-3 value (% of total)","EN.ATM.PM25.MC.T3.ZS","","","","","","","","","","","","","","","","","","","","","","","","","","","","","","","","","","","","","","","","","","","","","","","","","","","","","","","","","","",
"Afghanistan","AFG","PM2.5 pollution, population exposed to levels exceeding WHO Interim Target-3 value (% of total)","EN.ATM.PM25.MC.T3.ZS","","","","","","","","","","","","","","","","","","","","","","","","","","","","","","","100","","","","","100","","","","","100","","","","","100","","","","","100","100","100","100","100","100","100","",
"Angola","AGO","PM2.5 pollution, population exposed to levels exceeding WHO Interim Target-3 value (% of total)","EN.ATM.PM25.MC.T3.ZS","","","","","","","","","","","","","","","","","","","","","","","","","","","","","","","100","","","","","100","","","","","100","","","","","100","","","","","99.9971812","100","100","100","100","100","100","",
"Albania","ALB","PM2.5 pollution, population exposed to levels exceeding WHO Interim Target-3 value (% of total)","EN.ATM.PM25.MC.T3.ZS","","","","","","","","","","","","","","","","","","","","","","","","","","","","","","","100","","","","","99.3356375","","","","","80.2515797","","","","","5.5191942","","","","","99.0922677","87.3687065","83.4478337","99.097755","100","80.2823704","77.5092414","",
"Andorra","AND","PM2.5 pollution, population exposed to levels exceeding WHO Interim Target-3 value (% of total)","EN.ATM.PM25.MC.T3.ZS","","","","","","","","","","","","","","","","","","","","","","","","","","","","","","","0","","","","","0","","","","","0","","","","","0","","","","","0","0","0","0","0","0","0","",
"Arab World","ARB","PM2.5 pollution, population exposed to levels exceeding WHO Interim Target-3 value (% of total)","EN.ATM.PM25.MC.T3.ZS","","","","","","","","","","","","","","","","","","","","","","","","","","","","","","","","","","","","","","","","","","","","","","","","","","","","","","","","","","",
"United Arab Emirates","ARE","PM2.5 pollution, population exposed to levels exceeding WHO Interim Target-3 value (% of total)","EN.ATM.PM25.MC.T3.ZS","","","","","","","","","","","","","","","","","","","","","","","","","","","","","","","100","","","","","100","","","","","100","","","","","100","","","","","100","100","100","100","100","100","100","",
"Argentina","ARG","PM2.5 pollution, population exposed to levels exceeding WHO Interim Target-3 value (% of total)","EN.ATM.PM25.MC.T3.ZS","","","","","","","","","","","","","","","","","","","","","","","","","","","","","","","88.5777677","","","","","90.2019253","","","","","86.0027484","","","","","74.9181285","","","","","61.7753526","55.5010901","55.0139148","43.3193261","45.7564666","56.8945568","58.0027894","",
"Armenia","ARM","PM2.5 pollution, population exposed to levels exceeding WHO Interim Target-3 value (% of total)","EN.ATM.PM25.MC.T3.ZS","","","","","","","","","","","","","","","","","","","","","","","","","","","","","","","100","","","","","96.9553605","","","","","100","","","","","100","","","","","100","100","100","100","100","100","100","",
"American Samoa","ASM","PM2.5 pollution, population exposed to levels exceeding WHO Interim Target-3 value (% of total)","EN.ATM.PM25.MC.T3.ZS","","","","","","","","","","","","","","","","","","","","","","","","","","","","","","","0","","","","","0","","","","","0","","","","","0","","","","","0","0","0","0","0","0","0","",
"Antigua and Barbuda","ATG","PM2.5 pollution, population exposed to levels exceeding WHO Interim Target-3 value (% of total)","EN.ATM.PM25.MC.T3.ZS","","","","","","","","","","","","","","","","","","","","","","","","","","","","","","","100","","","","","100","","","","","100","","","","","100","","","","","96.8241259","96.8025201","96.7814303","100","100","100","100","",
"Australia","AUS","PM2.5 pollution, population exposed to levels exceeding WHO Interim Target-3 value (% of total)","EN.ATM.PM25.MC.T3.ZS","","","","","","","","","","","","","","","","","","","","","","","","","","","","","","","0","","","","","0","","","","","0","","","","","0","","","","","0","0","0","0","0","0","0","",
"Austria","AUT","PM2.5 pollution, population exposed to levels exceeding WHO Interim Target-3 value (% of total)","EN.ATM.PM25.MC.T3.ZS","","","","","","","","","","","","","","","","","","","","","","","","","","","","","","","96.7293128","","","","","83.1177226","","","","","72.0934127","","","","","72.9053204","","","","","70.8218906","66.8806416","73.3680964","86.6346166","93.368843","67.1800526","66.314097","",
"Azerbaijan","AZE","PM2.5 pollution, population exposed to levels exceeding WHO Interim Target-3 value (% of total)","EN.ATM.PM25.MC.T3.ZS","","","","","","","","","","","","","","","","","","","","","","","","","","","","","","","100","","","","","100","","","","","100","","","","","100","","","","","100","100","100","100","100","100","100","",
"Burundi","BDI","PM2.5 pollution, population exposed to levels exceeding WHO Interim Target-3 value (% of total)","EN.ATM.PM25.MC.T3.ZS","","","","","","","","","","","","","","","","","","","","","","","","","","","","","","","100","","","","","100","","","","","100","","","","","100","","","","","100","100","100","100","100","100","100","",
"Belgium","BEL","PM2.5 pollution, population exposed to levels exceeding WHO Interim Target-3 value (% of total)","EN.ATM.PM25.MC.T3.ZS","","","","","","","","","","","","","","","","","","","","","","","","","","","","","","","99.845308","","","","","99.615203","","","","","98.7963912","","","","","96.9456969","","","","","96.790262","97.1434815","95.9519483","96.2239304","95.9809512","96.3697778","96.3676844","",
"Benin","BEN","PM2.5 pollution, population exposed to levels exceeding WHO Interim Target-3 value (% of total)","EN.ATM.PM25.MC.T3.ZS","","","","","","","","","","","","","","","","","","","","","","","","","","","","","","","100","","","","","100","","","","","100","","","","","100","","","","","100","100","100","100","100","100","100","",
"Burkina Faso","BFA","PM2.5 pollution, population exposed to levels exceeding WHO Interim Target-3 value (% of total)","EN.ATM.PM25.MC.T3.ZS","","","","","","","","","","","","","","","","","","","","","","","","","","","","","","","100","","","","","100","","","","","100","","","","","100","","","","","100","100","100","100","100","100","100","",
"Bangladesh","BGD","PM2.5 pollution, population exposed to levels exceeding WHO Interim Target-3 value (% of total)","EN.ATM.PM25.MC.T3.ZS","","","","","","","","","","","","","","","","","","","","","","","","","","","","","","","100","","","","","100","","","","","100","","","","","100","","","","","100","100","100","100","100","100","100","",
"Bulgaria","BGR","PM2.5 pollution, population exposed to levels exceeding WHO Interim Target-3 value (% of total)","EN.ATM.PM25.MC.T3.ZS","","","","","","","","","","","","","","","","","","","","","","","","","","","","","","","99.9802209","","","","","99.9798206","","","","","99.9785266","","","","","99.9791935","","","","","99.9798998","99.9800279","99.9801621","99.9803174","99.9805084","99.9807493","99.9810482","",
"Bahrain","BHR","PM2.5 pollution, population exposed to levels exceeding WHO Interim Target-3 value (% of total)","EN.ATM.PM25.MC.T3.ZS","","","","","","","","","","","","","","","","","","","","","","","","","","","","","","","100","","","","","100","","","","","100","","","","","100","","","","","100","100","100","100","100","100","100","",
"Bahamas, The","BHS","PM2.5 pollution, population exposed to levels exceeding WHO Interim Target-3 value (% of total)","EN.ATM.PM25.MC.T3.ZS","","","","","","","","","","","","","","","","","","","","","","","","","","","","","","","100","","","","","100","","","","","100","","","","","100","","","","","7.9814152","8.2058785","12.206409","96.7798688","92.0972403","8.0049201","7.9542922","",
"Bosnia and Herzegovina","BIH","PM2.5 pollution, population exposed to levels exceeding WHO Interim Target-3 value (% of total)","EN.ATM.PM25.MC.T3.ZS","","","","","","","","","","","","","","","","","","","","","","","","","","","","","","","100","","","","","100","","","","","99.9237444","","","","","99.9218289","","","","","99.590722","99.5896344","99.7873086","100","100","99.9184546","99.9181694","",
"Belarus","BLR","PM2.5 pollution, population exposed to levels exceeding WHO Interim Target-3 value (% of total)","EN.ATM.PM25.MC.T3.ZS","","","","","","","","","","","","","","","","","","","","","","","","","","","","","","","100","","","","","100","","","","","100","","","","","99.9794938","","","","","99.9889775","99.9805297","99.6197446","99.9808802","99.9810573","99.1702777","98.9902611","",
"Belize","BLZ","PM2.5 pollution, population exposed to levels exceeding WHO Interim Target-3 value (% of total)","EN.ATM.PM25.MC.T3.ZS","","","","","","","","","","","","","","","","","","","","","","","","","","","","","","","100","","","","","100","","","","","100","","","","","100","","","","","100","100","100","100","100","100","100","",
"Bermuda","BMU","PM2.5 pollution, population exposed to levels exceeding WHO Interim Target-3 value (% of total)","EN.ATM.PM25.MC.T3.ZS","","","","","","","","","","","","","","","","","","","","","","","","","","","","","","","0","","","","","0","","","","","0","","","","","0","","","","","0","0","0","0","0","0","0","",
"Bolivia","BOL","PM2.5 pollution, population exposed to levels exceeding WHO Interim Target-3 value (% of total)","EN.ATM.PM25.MC.T3.ZS","","","","","","","","","","","","","","","","","","","","","","","","","","","","","","","100","","","","","100","","","","","100","","","","","100","","","","","99.9957326","99.9958302","99.9944756","99.9945532","99.9946298","99.9099675","99.8106831","",
"Brazil","BRA","PM2.5 pollution, population exposed to levels exceeding WHO Interim Target-3 value (% of total)","EN.ATM.PM25.MC.T3.ZS","","","","","","","","","","","","","","","","","","","","","","","","","","","","","","","50.225018","","","","","54.8417734","","","","","58.4574835","","","","","45.9485076","","","","","23.8803485","28.9910477","26.2513475","29.7876691","27.7138426","42.3770285","42.7041015","",
"Barbados","BRB","PM2.5 pollution, population exposed to levels exceeding WHO Interim Target-3 value (% of total)","EN.ATM.PM25.MC.T3.ZS","","","","","","","","","","","","","","","","","","","","","","","","","","","","","","","100","","","","","100","","","","","100","","","","","100","","","","","100","100","100","100","100","100","100","",
"Brunei Darussalam","BRN","PM2.5 pollution, population exposed to levels exceeding WHO Interim Target-3 value (% of total)","EN.ATM.PM25.MC.T3.ZS","","","","","","","","","","","","","","","","","","","","","","","","","","","","","","","0","","","","","0","","","","","0","","","","","0","","","","","0","0","0","0","0","0","0","",
"Bhutan","BTN","PM2.5 pollution, population exposed to levels exceeding WHO Interim Target-3 value (% of total)","EN.ATM.PM25.MC.T3.ZS","","","","","","","","","","","","","","","","","","","","","","","","","","","","","","","93.3080608","","","","","93.414782","","","","","97.9110653","","","","","99.1162527","","","","","98.9844644","98.931902","98.9577265","99.0855544","99.0861607","99.3799305","99.4187824","",
"Botswana","BWA","PM2.5 pollution, population exposed to levels exceeding WHO Interim Target-3 value (% of total)","EN.ATM.PM25.MC.T3.ZS","","","","","","","","","","","","","","","","","","","","","","","","","","","","","","","99.9885513","","","","","99.9860938","","","","","99.9885003","","","","","99.4360801","","","","","98.4021135","98.5869811","98.435512","97.3924903","96.6953482","99.2966853","99.366788","",
"Central African Republic","CAF","PM2.5 pollution, population exposed to levels exceeding WHO Interim Target-3 value (% of total)","EN.ATM.PM25.MC.T3.ZS","","","","","","","","","","","","","","","","","","","","","","","","","","","","","","","100","","","","","100","","","","","100","","","","","100","","","","","100","100","100","100","100","100","100","",
"Canada","CAN","PM2.5 pollution, population exposed to levels exceeding WHO Interim Target-3 value (% of total)","EN.ATM.PM25.MC.T3.ZS","","","","","","","","","","","","","","","","","","","","","","","","","","","","","","","0","","","","","0","","","","","0","","","","","0","","","","","0","0","0","0","0","0","0","",
"Central Europe and the Baltics","CEB","PM2.5 pollution, population exposed to levels exceeding WHO Interim Target-3 value (% of total)","EN.ATM.PM25.MC.T3.ZS","","","","","","","","","","","","","","","","","","","","","","","","","","","","","","","","","","","","","","","","","","","","","","","","","","","","","","","","","","",
"Switzerland","CHE","PM2.5 pollution, population exposed to levels exceeding WHO Interim Target-3 value (% of total)","EN.ATM.PM25.MC.T3.ZS","","","","","","","","","","","","","","","","","","","","","","","","","","","","","","","35.2357151","","","","","4.8479505","","","","","0.7469008","","","","","0.7464652","","","","","0.7456957","0.7454998","0.7452885","1.5584674","1.8179509","0.7445353","0.7442379","",
"Channel Islands","CHI","PM2.5 pollution, population exposed to levels exceeding WHO Interim Target-3 value (% of total)","EN.ATM.PM25.MC.T3.ZS","","","","","","","","","","","","","","","","","","","","","","","","","","","","","","","","","","","","","","","","","","","","","","","","","","","","","","","","","","",
"Chile","CHL","PM2.5 pollution, population exposed to levels exceeding WHO Interim Target-3 value (% of total)","EN.ATM.PM25.MC.T3.ZS","","","","","","","","","","","","","","","","","","","","","","","","","","","","","","","93.7657422","","","","","94.8528108","","","","","94.1534377","","","","","95.5950622","","","","","95.5044944","96.3697485","96.4753064","92.1192905","91.4049276","93.803812","93.9992692","",
"China","CHN","PM2.5 pollution, population exposed to levels exceeding WHO Interim Target-3 value (% of total)","EN.ATM.PM25.MC.T3.ZS","","","","","","","","","","","","","","","","","","","","","","","","","","","","","","","99.9852947","","","","","99.9835722","","","","","99.9845542","","","","","99.9945363","","","","","99.9946844","99.9947832","99.9948234","99.9977129","99.9982174","99.9984969","99.9978834","",
"Cote d'Ivoire","CIV","PM2.5 pollution, population exposed to levels exceeding WHO Interim Target-3 value (% of total)","EN.ATM.PM25.MC.T3.ZS","","","","","","","","","","","","","","","","","","","","","","","","","","","","","","","99.9844115","","","","","99.9816972","","","","","99.9821611","","","","","99.9819502","","","","","99.981758","99.981722","99.9816869","99.9816527","99.9816193","100","100","",
"Cameroon","CMR","PM2.5 pollution, population exposed to levels exceeding WHO Interim Target-3 value (% of total)","EN.ATM.PM25.MC.T3.ZS","","","","","","","","","","","","","","","","","","","","","","","","","","","","","","","100","","","","","100","","","","","100","","","","","100","","","","","100","100","100","100","100","100","100","",
"Congo, Dem. Rep.","COD","PM2.5 pollution, population exposed to levels exceeding WHO Interim Target-3 value (% of total)","EN.ATM.PM25.MC.T3.ZS","","","","","","","","","","","","","","","","","","","","","","","","","","","","","","","100","","","","","100","","","","","100","","","","","100","","","","","100","100","100","100","100","100","100","",
"Congo, Rep.","COG","PM2.5 pollution, population exposed to levels exceeding WHO Interim Target-3 value (% of total)","EN.ATM.PM25.MC.T3.ZS","","","","","","","","","","","","","","","","","","","","","","","","","","","","","","","100","","","","","100","","","","","100","","","","","100","","","","","100","100","100","100","100","100","100","",
"Colombia","COL","PM2.5 pollution, population exposed to levels exceeding WHO Interim Target-3 value (% of total)","EN.ATM.PM25.MC.T3.ZS","","","","","","","","","","","","","","","","","","","","","","","","","","","","","","","97.645656","","","","","97.6398747","","","","","97.0420005","","","","","98.0088899","","","","","79.8567835","91.4084771","86.3904209","90.0966199","82.2841857","82.3384636","82.7611011","",
"Comoros","COM","PM2.5 pollution, population exposed to levels exceeding WHO Interim Target-3 value (% of total)","EN.ATM.PM25.MC.T3.ZS","","","","","","","","","","","","","","","","","","","","","","","","","","","","","","","100","","","","","100","","","","","100","","","","","100","","","","","100","100","100","100","100","100","100","",
"Cabo Verde","CPV","PM2.5 pollution, population exposed to levels exceeding WHO Interim Target-3 value (% of total)","EN.ATM.PM25.MC.T3.ZS","","","","","","","","","","","","","","","","","","","","","","","","","","","","","","","100","","","","","100","","","","","100","","","","","100","","","","","100","100","100","100","100","100","100","",
"Costa Rica","CRI","PM2.5 pollution, population exposed to levels exceeding WHO Interim Target-3 value (% of total)","EN.ATM.PM25.MC.T3.ZS","","","","","","","","","","","","","","","","","","","","","","","","","","","","","","","99.7934829","","","","","99.8160927","","","","","99.8549196","","","","","99.3201673","","","","","73.2556843","83.3338779","88.6961807","95.2819859","95.2509704","97.2581597","97.2983925","",
"Caribbean small states","CSS","PM2.5 pollution, population exposed to levels exceeding WHO Interim Target-3 value (% of total)","EN.ATM.PM25.MC.T3.ZS","","","","","","","","","","","","","","","","","","","","","","","","","","","","","","","","","","","","","","","","","","","","","","","","","","","","","","","","","","",
"Cuba","CUB","PM2.5 pollution, population exposed to levels exceeding WHO Interim Target-3 value (% of total)","EN.ATM.PM25.MC.T3.ZS","","","","","","","","","","","","","","","","","","","","","","","","","","","","","","","100","","","","","100","","","","","100","","","","","100","","","","","99.9060803","100","100","100","100","100","100","",
"Curacao","CUW","PM2.5 pollution, population exposed to levels exceeding WHO Interim Target-3 value (% of total)","EN.ATM.PM25.MC.T3.ZS","","","","","","","","","","","","","","","","","","","","","","","","","","","","","","","","","","","","","","","","","","","","","","","","","","","","","","","","","","",
"Cayman Islands","CYM","PM2.5 pollution, population exposed to levels exceeding WHO Interim Target-3 value (% of total)","EN.ATM.PM25.MC.T3.ZS","","","","","","","","","","","","","","","","","","","","","","","","","","","","","","","","","","","","","","","","","","","","","","","","","","","","","","","","","","",
"Cyprus","CYP","PM2.5 pollution, population exposed to levels exceeding WHO Interim Target-3 value (% of total)","EN.ATM.PM25.MC.T3.ZS","","","","","","","","","","","","","","","","","","","","","","","","","","","","","","","99.4467319","","","","","95.6106538","","","","","97.3551871","","","","","87.7091214","","","","","99.701138","99.6447158","97.6590067","99.7593191","100","100","100","",
"Czech Republic","CZE","PM2.5 pollution, population exposed to levels exceeding WHO Interim Target-3 value (% of total)","EN.ATM.PM25.MC.T3.ZS","","","","","","","","","","","","","","","","","","","","","","","","","","","","","","","100","","","","","99.9001603","","","","","99.7923245","","","","","99.4675254","","","","","99.8150609","99.8172943","99.2549522","99.8217686","99.8240225","99.1626065","98.8198926","",
"Germany","DEU","PM2.5 pollution, population exposed to levels exceeding WHO Interim Target-3 value (% of total)","EN.ATM.PM25.MC.T3.ZS","","","","","","","","","","","","","","","","","","","","","","","","","","","","","","","98.7622691","","","","","81.1649894","","","","","48.9905693","","","","","31.6645388","","","","","39.2905352","38.5926884","30.0177346","37.8797237","44.0929855","34.9928761","34.8884946","",
"Djibouti","DJI","PM2.5 pollution, population exposed to levels exceeding WHO Interim Target-3 value (% of total)","EN.ATM.PM25.MC.T3.ZS","","","","","","","","","","","","","","","","","","","","","","","","","","","","","","","100","","","","","100","","","","","100","","","","","100","","","","","100","100","100","100","100","100","100","",
"Dominica","DMA","PM2.5 pollution, population exposed to levels exceeding WHO Interim Target-3 value (% of total)","EN.ATM.PM25.MC.T3.ZS","","","","","","","","","","","","","","","","","","","","","","","","","","","","","","","100","","","","","100","","","","","100","","","","","100","","","","","100","100","100","100","100","100","100","",
"Denmark","DNK","PM2.5 pollution, population exposed to levels exceeding WHO Interim Target-3 value (% of total)","EN.ATM.PM25.MC.T3.ZS","","","","","","","","","","","","","","","","","","","","","","","","","","","","","","","13.1597019","","","","","0","","","","","0","","","","","0","","","","","0","0","0","0","0","0","0","",
"Dominican Republic","DOM","PM2.5 pollution, population exposed to levels exceeding WHO Interim Target-3 value (% of total)","EN.ATM.PM25.MC.T3.ZS","","","","","","","","","","","","","","","","","","","","","","","","","","","","","","","100","","","","","100","","","","","100","","","","","100","","","","","100","100","100","100","100","100","100","",
"Algeria","DZA","PM2.5 pollution, population exposed to levels exceeding WHO Interim Target-3 value (% of total)","EN.ATM.PM25.MC.T3.ZS","","","","","","","","","","","","","","","","","","","","","","","","","","","","","","","100","","","","","100","","","","","100","","","","","100","","","","","100","100","100","100","100","100","100","",
"East Asia & Pacific (excluding high income)","EAP","PM2.5 pollution, population exposed to levels exceeding WHO Interim Target-3 value (% of total)","EN.ATM.PM25.MC.T3.ZS","","","","","","","","","","","","","","","","","","","","","","","","","","","","","","","","","","","","","","","","","","","","","","","","","","","","","","","","","","",
"Early-demographic dividend","EAR","PM2.5 pollution, population exposed to levels exceeding WHO Interim Target-3 value (% of total)","EN.ATM.PM25.MC.T3.ZS","","","","","","","","","","","","","","","","","","","","","","","","","","","","","","","","","","","","","","","","","","","","","","","","","","","","","","","","","","",
"East Asia & Pacific","EAS","PM2.5 pollution, population exposed to levels exceeding WHO Interim Target-3 value (% of total)","EN.ATM.PM25.MC.T3.ZS","","","","","","","","","","","","","","","","","","","","","","","","","","","","","","","","","","","","","","","","","","","","","","","","","","","","","","","","","","",
"Europe & Central Asia (excluding high income)","ECA","PM2.5 pollution, population exposed to levels exceeding WHO Interim Target-3 value (% of total)","EN.ATM.PM25.MC.T3.ZS","","","","","","","","","","","","","","","","","","","","","","","","","","","","","","","","","","","","","","","","","","","","","","","","","","","","","","","","","","",
"Europe & Central Asia","ECS","PM2.5 pollution, population exposed to levels exceeding WHO Interim Target-3 value (% of total)","EN.ATM.PM25.MC.T3.ZS","","","","","","","","","","","","","","","","","","","","","","","","","","","","","","","","","","","","","","","","","","","","","","","","","","","","","","","","","","",
"Ecuador","ECU","PM2.5 pollution, population exposed to levels exceeding WHO Interim Target-3 value (% of total)","EN.ATM.PM25.MC.T3.ZS","","","","","","","","","","","","","","","","","","","","","","","","","","","","","","","95.5105589","","","","","96.7590671","","","","","95.9849622","","","","","98.2968185","","","","","53.4020298","91.8113242","78.1856914","84.7115122","48.9325349","45.8129615","45.623427","",
"Egypt, Arab Rep.","EGY","PM2.5 pollution, population exposed to levels exceeding WHO Interim Target-3 value (% of total)","EN.ATM.PM25.MC.T3.ZS","","","","","","","","","","","","","","","","","","","","","","","","","","","","","","","100","","","","","100","","","","","100","","","","","100","","","","","100","100","100","100","100","100","100","",
"Euro area","EMU","PM2.5 pollution, population exposed to levels exceeding WHO Interim Target-3 value (% of total)","EN.ATM.PM25.MC.T3.ZS","","","","","","","","","","","","","","","","","","","","","","","","","","","","","","","","","","","","","","","","","","","","","","","","","","","","","","","","","","",
"Eritrea","ERI","PM2.5 pollution, population exposed to levels exceeding WHO Interim Target-3 value (% of total)","EN.ATM.PM25.MC.T3.ZS","","","","","","","","","","","","","","","","","","","","","","","","","","","","","","","100","","","","","100","","","","","100","","","","","100","","","","","100","100","100","100","100","100","100","",
"Spain","ESP","PM2.5 pollution, population exposed to levels exceeding WHO Interim Target-3 value (% of total)","EN.ATM.PM25.MC.T3.ZS","","","","","","","","","","","","","","","","","","","","","","","","","","","","","","","4.3784649","","","","","2.3023217","","","","","2.3367488","","","","","2.329831","","","","","2.3203593","2.3181785","2.3159009","2.3135093","2.3109877","2.3083217","2.3055093","",
"Estonia","EST","PM2.5 pollution, population exposed to levels exceeding WHO Interim Target-3 value (% of total)","EN.ATM.PM25.MC.T3.ZS","","","","","","","","","","","","","","","","","","","","","","","","","","","","","","","13.8348132","","","","","0.1478563","","","","","0.1437724","","","","","0.1594088","","","","","0.1723772","0.123813","0.0973175","0.1786409","0.1802451","0","0","",
"Ethiopia","ETH","PM2.5 pollution, population exposed to levels exceeding WHO Interim Target-3 value (% of total)","EN.ATM.PM25.MC.T3.ZS","","","","","","","","","","","","","","","","","","","","","","","","","","","","","","","99.999149","","","","","99.9991118","","","","","100","","","","","99.9901907","","","","","99.9944027","99.9942928","99.994176","99.9940497","99.9939118","100","100","",
"European Union","EUU","PM2.5 pollution, population exposed to levels exceeding WHO Interim Target-3 value (% of total)","EN.ATM.PM25.MC.T3.ZS","","","","","","","","","","","","","","","","","","","","","","","","","","","","","","","","","","","","","","","","","","","","","","","","","","","","","","","","","","",
"Fragile and conflict affected situations","FCS","PM2.5 pollution, population exposed to levels exceeding WHO Interim Target-3 value (% of total)","EN.ATM.PM25.MC.T3.ZS","","","","","","","","","","","","","","","","","","","","","","","","","","","","","","","","","","","","","","","","","","","","","","","","","","","","","","","","","","",
"Finland","FIN","PM2.5 pollution, population exposed to levels exceeding WHO Interim Target-3 value (% of total)","EN.ATM.PM25.MC.T3.ZS","","","","","","","","","","","","","","","","","","","","","","","","","","","","","","","0","","","","","0","","","","","0","","","","","0","","","","","0","0","0","0","0","0","0","",
"Fiji","FJI","PM2.5 pollution, population exposed to levels exceeding WHO Interim Target-3 value (% of total)","EN.ATM.PM25.MC.T3.ZS","","","","","","","","","","","","","","","","","","","","","","","","","","","","","","","0","","","","","0","","","","","0","","","","","0","","","","","0","0","0","0","0","0","0","",
"France","FRA","PM2.5 pollution, population exposed to levels exceeding WHO Interim Target-3 value (% of total)","EN.ATM.PM25.MC.T3.ZS","","","","","","","","","","","","","","","","","","","","","","","","","","","","","","","48.4719155","","","","","31.4684467","","","","","18.2541168","","","","","11.5391772","","","","","11.6652574","11.265506","11.3695959","10.9861857","11.4999109","9.7022134","8.9873436","",
"Faroe Islands","FRO","PM2.5 pollution, population exposed to levels exceeding WHO Interim Target-3 value (% of total)","EN.ATM.PM25.MC.T3.ZS","","","","","","","","","","","","","","","","","","","","","","","","","","","","","","","","","","","","","","","","","","","","","","","","","","","","","","","","","","",
"Micronesia, Fed. Sts.","FSM","PM2.5 pollution, population exposed to levels exceeding WHO Interim Target-3 value (% of total)","EN.ATM.PM25.MC.T3.ZS","","","","","","","","","","","","","","","","","","","","","","","","","","","","","","","0","","","","","0","","","","","0","","","","","0","","","","","0","0","0","0","0","0","0","",
"Gabon","GAB","PM2.5 pollution, population exposed to levels exceeding WHO Interim Target-3 value (% of total)","EN.ATM.PM25.MC.T3.ZS","","","","","","","","","","","","","","","","","","","","","","","","","","","","","","","100","","","","","100","","","","","100","","","","","100","","","","","100","100","100","100","100","100","100","",
"United Kingdom","GBR","PM2.5 pollution, population exposed to levels exceeding WHO Interim Target-3 value (% of total)","EN.ATM.PM25.MC.T3.ZS","","","","","","","","","","","","","","","","","","","","","","","","","","","","","","","66.7773552","","","","","49.4192305","","","","","22.8996371","","","","","8.2132076","","","","","6.6348528","6.6152901","8.9520223","8.3333864","8.5210769","5.06057","4.6411527","",
"Georgia","GEO","PM2.5 pollution, population exposed to levels exceeding WHO Interim Target-3 value (% of total)","EN.ATM.PM25.MC.T3.ZS","","","","","","","","","","","","","","","","","","","","","","","","","","","","","","","91.1092609","","","","","56.3793548","","","","","60.4546537","","","","","75.2549662","","","","","97.8102579","96.2340722","86.3468034","94.7090712","97.0592652","90.6807543","90.1587044","",
"Ghana","GHA","PM2.5 pollution, population exposed to levels exceeding WHO Interim Target-3 value (% of total)","EN.ATM.PM25.MC.T3.ZS","","","","","","","","","","","","","","","","","","","","","","","","","","","","","","","100","","","","","100","","","","","100","","","","","100","","","","","100","100","100","100","100","100","100","",
"Gibraltar","GIB","PM2.5 pollution, population exposed to levels exceeding WHO Interim Target-3 value (% of total)","EN.ATM.PM25.MC.T3.ZS","","","","","","","","","","","","","","","","","","","","","","","","","","","","","","","","","","","","","","","","","","","","","","","","","","","","","","","","","","",
"Guinea","GIN","PM2.5 pollution, population exposed to levels exceeding WHO Interim Target-3 value (% of total)","EN.ATM.PM25.MC.T3.ZS","","","","","","","","","","","","","","","","","","","","","","","","","","","","","","","100","","","","","100","","","","","99.8691061","","","","","99.8514871","","","","","99.8636797","99.8661153","99.8685583","99.8710263","99.8735334","100","100","",
"Gambia, The","GMB","PM2.5 pollution, population exposed to levels exceeding WHO Interim Target-3 value (% of total)","EN.ATM.PM25.MC.T3.ZS","","","","","","","","","","","","","","","","","","","","","","","","","","","","","","","100","","","","","100","","","","","100","","","","","100","","","","","100","100","100","100","100","100","100","",
"Guinea-Bissau","GNB","PM2.5 pollution, population exposed to levels exceeding WHO Interim Target-3 value (% of total)","EN.ATM.PM25.MC.T3.ZS","","","","","","","","","","","","","","","","","","","","","","","","","","","","","","","100","","","","","100","","","","","100","","","","","100","","","","","100","100","100","100","100","100","100","",
"Equatorial Guinea","GNQ","PM2.5 pollution, population exposed to levels exceeding WHO Interim Target-3 value (% of total)","EN.ATM.PM25.MC.T3.ZS","","","","","","","","","","","","","","","","","","","","","","","","","","","","","","","100","","","","","100","","","","","100","","","","","100","","","","","100","100","100","100","100","100","100","",
"Greece","GRC","PM2.5 pollution, population exposed to levels exceeding WHO Interim Target-3 value (% of total)","EN.ATM.PM25.MC.T3.ZS","","","","","","","","","","","","","","","","","","","","","","","","","","","","","","","38.3625289","","","","","19.6053909","","","","","0.1228169","","","","","0.1186688","","","","","0.1147357","0.1139695","0.1132092","1.6401577","28.9652968","0.110976","0.1102512","",
"Grenada","GRD","PM2.5 pollution, population exposed to levels exceeding WHO Interim Target-3 value (% of total)","EN.ATM.PM25.MC.T3.ZS","","","","","","","","","","","","","","","","","","","","","","","","","","","","","","","100","","","","","100","","","","","100","","","","","100","","","","","100","100","100","100","100","100","100","",
"Greenland","GRL","PM2.5 pollution, population exposed to levels exceeding WHO Interim Target-3 value (% of total)","EN.ATM.PM25.MC.T3.ZS","","","","","","","","","","","","","","","","","","","","","","","","","","","","","","","0","","","","","0","","","","","0","","","","","0","","","","","0","0","0","0","0","0","0","",
"Guatemala","GTM","PM2.5 pollution, population exposed to levels exceeding WHO Interim Target-3 value (% of total)","EN.ATM.PM25.MC.T3.ZS","","","","","","","","","","","","","","","","","","","","","","","","","","","","","","","100","","","","","100","","","","","100","","","","","100","","","","","100","100","100","100","100","100","100","",
"Guam","GUM","PM2.5 pollution, population exposed to levels exceeding WHO Interim Target-3 value (% of total)","EN.ATM.PM25.MC.T3.ZS","","","","","","","","","","","","","","","","","","","","","","","","","","","","","","","0","","","","","0","","","","","0","","","","","0","","","","","0","0","0","0","0","0","0","",
"Guyana","GUY","PM2.5 pollution, population exposed to levels exceeding WHO Interim Target-3 value (% of total)","EN.ATM.PM25.MC.T3.ZS","","","","","","","","","","","","","","","","","","","","","","","","","","","","","","","99.95756","","","","","99.956324","","","","","99.8850567","","","","","97.0764285","","","","","86.7996945","93.1270616","94.9210563","95.893619","93.3565994","98.2160016","98.2260379","",
"High income","HIC","PM2.5 pollution, population exposed to levels exceeding WHO Interim Target-3 value (% of total)","EN.ATM.PM25.MC.T3.ZS","","","","","","","","","","","","","","","","","","","","","","","","","","","","","","","","","","","","","","","","","","","","","","","","","","","","","","","","","","",
"Hong Kong SAR, China","HKG","PM2.5 pollution, population exposed to levels exceeding WHO Interim Target-3 value (% of total)","EN.ATM.PM25.MC.T3.ZS","","","","","","","","","","","","","","","","","","","","","","","","","","","","","","","","","","","","","","","","","","","","","","","","","","","","","","","","","","",
"Honduras","HND","PM2.5 pollution, population exposed to levels exceeding WHO Interim Target-3 value (% of total)","EN.ATM.PM25.MC.T3.ZS","","","","","","","","","","","","","","","","","","","","","","","","","","","","","","","100","","","","","100","","","","","100","","","","","100","","","","","100","100","100","100","100","100","100","",
"Heavily indebted poor countries (HIPC)","HPC","PM2.5 pollution, population exposed to levels exceeding WHO Interim Target-3 value (% of total)","EN.ATM.PM25.MC.T3.ZS","","","","","","","","","","","","","","","","","","","","","","","","","","","","","","","","","","","","","","","","","","","","","","","","","","","","","","","","","","",
"Croatia","HRV","PM2.5 pollution, population exposed to levels exceeding WHO Interim Target-3 value (% of total)","EN.ATM.PM25.MC.T3.ZS","","","","","","","","","","","","","","","","","","","","","","","","","","","","","","","100","","","","","99.774213","","","","","92.3929246","","","","","87.6021358","","","","","91.7373245","85.5236841","88.1767679","97.4538895","100","94.3351002","93.3705212","",
"Haiti","HTI","PM2.5 pollution, population exposed to levels exceeding WHO Interim Target-3 value (% of total)","EN.ATM.PM25.MC.T3.ZS","","","","","","","","","","","","","","","","","","","","","","","","","","","","","","","100","","","","","100","","","","","100","","","","","100","","","","","100","100","100","100","100","100","100","",
"Hungary","HUN","PM2.5 pollution, population exposed to levels exceeding WHO Interim Target-3 value (% of total)","EN.ATM.PM25.MC.T3.ZS","","","","","","","","","","","","","","","","","","","","","","","","","","","","","","","100","","","","","100","","","","","100","","","","","100","","","","","100","100","100","100","100","100","100","",
"IBRD only","IBD","PM2.5 pollution, population exposed to levels exceeding WHO Interim Target-3 value (% of total)","EN.ATM.PM25.MC.T3.ZS","","","","","","","","","","","","","","","","","","","","","","","","","","","","","","","","","","","","","","","","","","","","","","","","","","","","","","","","","","",
"IDA & IBRD total","IBT","PM2.5 pollution, population exposed to levels exceeding WHO Interim Target-3 value (% of total)","EN.ATM.PM25.MC.T3.ZS","","","","","","","","","","","","","","","","","","","","","","","","","","","","","","","","","","","","","","","","","","","","","","","","","","","","","","","","","","",
"IDA total","IDA","PM2.5 pollution, population exposed to levels exceeding WHO Interim Target-3 value (% of total)","EN.ATM.PM25.MC.T3.ZS","","","","","","","","","","","","","","","","","","","","","","","","","","","","","","","","","","","","","","","","","","","","","","","","","","","","","","","","","","",
"IDA blend","IDB","PM2.5 pollution, population exposed to levels exceeding WHO Interim Target-3 value (% of total)","EN.ATM.PM25.MC.T3.ZS","","","","","","","","","","","","","","","","","","","","","","","","","","","","","","","","","","","","","","","","","","","","","","","","","","","","","","","","","","",
"Indonesia","IDN","PM2.5 pollution, population exposed to levels exceeding WHO Interim Target-3 value (% of total)","EN.ATM.PM25.MC.T3.ZS","","","","","","","","","","","","","","","","","","","","","","","","","","","","","","","80.1072201","","","","","80.2029121","","","","","79.0879223","","","","","85.1950076","","","","","63.8040402","70.0491562","72.0673261","76.9687879","70.9987544","79.5674166","79.5837265","",
"IDA only","IDX","PM2.5 pollution, population exposed to levels exceeding WHO Interim Target-3 value (% of total)","EN.ATM.PM25.MC.T3.ZS","","","","","","","","","","","","","","","","","","","","","","","","","","","","","","","","","","","","","","","","","","","","","","","","","","","","","","","","","","",
"Isle of Man","IMN","PM2.5 pollution, population exposed to levels exceeding WHO Interim Target-3 value (% of total)","EN.ATM.PM25.MC.T3.ZS","","","","","","","","","","","","","","","","","","","","","","","","","","","","","","","","","","","","","","","","","","","","","","","","","","","","","","","","","","",
"India","IND","PM2.5 pollution, population exposed to levels exceeding WHO Interim Target-3 value (% of total)","EN.ATM.PM25.MC.T3.ZS","","","","","","","","","","","","","","","","","","","","","","","","","","","","","","","99.9567175","","","","","99.9559062","","","","","99.9532636","","","","","99.9684001","","","","","99.9530492","99.9565444","99.9622211","99.9704416","99.9690034","99.9706407","99.9709029","",
"Not classified","INX","PM2.5 pollution, population exposed to levels exceeding WHO Interim Target-3 value (% of total)","EN.ATM.PM25.MC.T3.ZS","","","","","","","","","","","","","","","","","","","","","","","","","","","","","","","","","","","","","","","","","","","","","","","","","","","","","","","","","","",
"Ireland","IRL","PM2.5 pollution, population exposed to levels exceeding WHO Interim Target-3 value (% of total)","EN.ATM.PM25.MC.T3.ZS","","","","","","","","","","","","","","","","","","","","","","","","","","","","","","","0","","","","","0","","","","","0","","","","","0","","","","","0","0","0","0","0","0","0","",
"Iran, Islamic Rep.","IRN","PM2.5 pollution, population exposed to levels exceeding WHO Interim Target-3 value (% of total)","EN.ATM.PM25.MC.T3.ZS","","","","","","","","","","","","","","","","","","","","","","","","","","","","","","","100","","","","","100","","","","","100","","","","","100","","","","","100","100","100","100","100","100","100","",
"Iraq","IRQ","PM2.5 pollution, population exposed to levels exceeding WHO Interim Target-3 value (% of total)","EN.ATM.PM25.MC.T3.ZS","","","","","","","","","","","","","","","","","","","","","","","","","","","","","","","100","","","","","100","","","","","100","","","","","100","","","","","100","100","100","100","100","100","100","",
"Iceland","ISL","PM2.5 pollution, population exposed to levels exceeding WHO Interim Target-3 value (% of total)","EN.ATM.PM25.MC.T3.ZS","","","","","","","","","","","","","","","","","","","","","","","","","","","","","","","0","","","","","0","","","","","0","","","","","0","","","","","0","0","0","0","0","0","0","",
"Israel","ISR","PM2.5 pollution, population exposed to levels exceeding WHO Interim Target-3 value (% of total)","EN.ATM.PM25.MC.T3.ZS","","","","","","","","","","","","","","","","","","","","","","","","","","","","","","","96.3332279","","","","","95.6773736","","","","","96.5231375","","","","","97.0179138","","","","","97.2628708","97.3096831","97.3557844","97.4012898","97.4462985","97.4908949","97.5350852","",
"Italy","ITA","PM2.5 pollution, population exposed to levels exceeding WHO Interim Target-3 value (% of total)","EN.ATM.PM25.MC.T3.ZS","","","","","","","","","","","","","","","","","","","","","","","","","","","","","","","93.1414626","","","","","79.2925756","","","","","62.0988067","","","","","47.8472685","","","","","55.9557134","50.1658056","52.6289183","78.0844129","87.2406094","58.8266349","57.5711253","",
"Jamaica","JAM","PM2.5 pollution, population exposed to levels exceeding WHO Interim Target-3 value (% of total)","EN.ATM.PM25.MC.T3.ZS","","","","","","","","","","","","","","","","","","","","","","","","","","","","","","","100","","","","","100","","","","","100","","","","","100","","","","","38.4779483","63.5315799","92.3446781","96.7920484","95.6427443","92.3420303","92.341111","",
"Jordan","JOR","PM2.5 pollution, population exposed to levels exceeding WHO Interim Target-3 value (% of total)","EN.ATM.PM25.MC.T3.ZS","","","","","","","","","","","","","","","","","","","","","","","","","","","","","","","100","","","","","100","","","","","100","","","","","100","","","","","100","100","100","100","100","100","100","",
"Japan","JPN","PM2.5 pollution, population exposed to levels exceeding WHO Interim Target-3 value (% of total)","EN.ATM.PM25.MC.T3.ZS","","","","","","","","","","","","","","","","","","","","","","","","","","","","","","","26.410197","","","","","20.391088","","","","","20.1072602","","","","","36.3764059","","","","","9.2480282","1.6964526","5.3888773","11.9478511","27.8281824","33.1778863","32.4779179","",
"Kazakhstan","KAZ","PM2.5 pollution, population exposed to levels exceeding WHO Interim Target-3 value (% of total)","EN.ATM.PM25.MC.T3.ZS","","","","","","","","","","","","","","","","","","","","","","","","","","","","","","","92.9452061","","","","","51.3763729","","","","","48.0160726","","","","","43.6927753","","","","","52.02064","57.2983402","71.7140154","73.3487788","75.5047488","62.1903607","62.2422845","",
"Kenya","KEN","PM2.5 pollution, population exposed to levels exceeding WHO Interim Target-3 value (% of total)","EN.ATM.PM25.MC.T3.ZS","","","","","","","","","","","","","","","","","","","","","","","","","","","","","","","87.633399","","","","","87.4808505","","","","","85.6371363","","","","","77.7894154","","","","","80.0599218","87.059651","87.309197","86.9326401","85.8448057","65.1334154","64.7523594","",
"Kyrgyz Republic","KGZ","PM2.5 pollution, population exposed to levels exceeding WHO Interim Target-3 value (% of total)","EN.ATM.PM25.MC.T3.ZS","","","","","","","","","","","","","","","","","","","","","","","","","","","","","","","56.879971","","","","","39.9452477","","","","","41.7021326","","","","","45.5641087","","","","","62.1890737","62.5710802","62.3102262","63.9807513","71.7625144","71.6668631","71.6155494","",
"Cambodia","KHM","PM2.5 pollution, population exposed to levels exceeding WHO Interim Target-3 value (% of total)","EN.ATM.PM25.MC.T3.ZS","","","","","","","","","","","","","","","","","","","","","","","","","","","","","","","100","","","","","100","","","","","100","","","","","100","","","","","100","100","100","100","100","100","100","",
"Kiribati","KIR","PM2.5 pollution, population exposed to levels exceeding WHO Interim Target-3 value (% of total)","EN.ATM.PM25.MC.T3.ZS","","","","","","","","","","","","","","","","","","","","","","","","","","","","","","","0","","","","","0","","","","","0","","","","","0","","","","","0","0","0","0","0","0","0","",
"St. Kitts and Nevis","KNA","PM2.5 pollution, population exposed to levels exceeding WHO Interim Target-3 value (% of total)","EN.ATM.PM25.MC.T3.ZS","","","","","","","","","","","","","","","","","","","","","","","","","","","","","","","","","","","","","","","","","","","","","","","","","","","","","","","","","","",
"Korea, Rep.","KOR","PM2.5 pollution, population exposed to levels exceeding WHO Interim Target-3 value (% of total)","EN.ATM.PM25.MC.T3.ZS","","","","","","","","","","","","","","","","","","","","","","","","","","","","","","","100","","","","","100","","","","","100","","","","","100","","","","","100","100","100","100","100","100","100","",
"Kuwait","KWT","PM2.5 pollution, population exposed to levels exceeding WHO Interim Target-3 value (% of total)","EN.ATM.PM25.MC.T3.ZS","","","","","","","","","","","","","","","","","","","","","","","","","","","","","","","100","","","","","100","","","","","100","","","","","100","","","","","100","100","100","100","100","100","100","",
"Latin America & Caribbean (excluding high income)","LAC","PM2.5 pollution, population exposed to levels exceeding WHO Interim Target-3 value (% of total)","EN.ATM.PM25.MC.T3.ZS","","","","","","","","","","","","","","","","","","","","","","","","","","","","","","","","","","","","","","","","","","","","","","","","","","","","","","","","","","",
"Lao PDR","LAO","PM2.5 pollution, population exposed to levels exceeding WHO Interim Target-3 value (% of total)","EN.ATM.PM25.MC.T3.ZS","","","","","","","","","","","","","","","","","","","","","","","","","","","","","","","100","","","","","100","","","","","100","","","","","100","","","","","100","100","100","100","100","100","100","",
"Lebanon","LBN","PM2.5 pollution, population exposed to levels exceeding WHO Interim Target-3 value (% of total)","EN.ATM.PM25.MC.T3.ZS","","","","","","","","","","","","","","","","","","","","","","","","","","","","","","","100","","","","","100","","","","","100","","","","","100","","","","","100","100","100","100","100","100","100","",
"Liberia","LBR","PM2.5 pollution, population exposed to levels exceeding WHO Interim Target-3 value (% of total)","EN.ATM.PM25.MC.T3.ZS","","","","","","","","","","","","","","","","","","","","","","","","","","","","","","","7.3665273","","","","","6.2172107","","","","","8.7810636","","","","","1.0051525","","","","","0.9748295","1.1602587","1.1826506","0.9572227","0.9513786","98.382647","99.1034524","",
"Libya","LBY","PM2.5 pollution, population exposed to levels exceeding WHO Interim Target-3 value (% of total)","EN.ATM.PM25.MC.T3.ZS","","","","","","","","","","","","","","","","","","","","","","","","","","","","","","","100","","","","","100","","","","","100","","","","","100","","","","","100","100","100","100","100","100","100","",
"St. Lucia","LCA","PM2.5 pollution, population exposed to levels exceeding WHO Interim Target-3 value (% of total)","EN.ATM.PM25.MC.T3.ZS","","","","","","","","","","","","","","","","","","","","","","","","","","","","","","","100","","","","","100","","","","","100","","","","","100","","","","","100","100","100","100","100","100","100","",
"Latin America & Caribbean","LCN","PM2.5 pollution, population exposed to levels exceeding WHO Interim Target-3 value (% of total)","EN.ATM.PM25.MC.T3.ZS","","","","","","","","","","","","","","","","","","","","","","","","","","","","","","","","","","","","","","","","","","","","","","","","","","","","","","","","","","",
"Least developed countries: UN classification","LDC","PM2.5 pollution, population exposed to levels exceeding WHO Interim Target-3 value (% of total)","EN.ATM.PM25.MC.T3.ZS","","","","","","","","","","","","","","","","","","","","","","","","","","","","","","","","","","","","","","","","","","","","","","","","","","","","","","","","","","",
"Low income","LIC","PM2.5 pollution, population exposed to levels exceeding WHO Interim Target-3 value (% of total)","EN.ATM.PM25.MC.T3.ZS","","","","","","","","","","","","","","","","","","","","","","","","","","","","","","","","","","","","","","","","","","","","","","","","","","","","","","","","","","",
"Liechtenstein","LIE","PM2.5 pollution, population exposed to levels exceeding WHO Interim Target-3 value (% of total)","EN.ATM.PM25.MC.T3.ZS","","","","","","","","","","","","","","","","","","","","","","","","","","","","","","","","","","","","","","","","","","","","","","","","","","","","","","","","","","",
"Sri Lanka","LKA","PM2.5 pollution, population exposed to levels exceeding WHO Interim Target-3 value (% of total)","EN.ATM.PM25.MC.T3.ZS","","","","","","","","","","","","","","","","","","","","","","","","","","","","","","","100","","","","","100","","","","","100","","","","","100","","","","","100","100","100","100","100","100","100","",
"Lower middle income","LMC","PM2.5 pollution, population exposed to levels exceeding WHO Interim Target-3 value (% of total)","EN.ATM.PM25.MC.T3.ZS","","","","","","","","","","","","","","","","","","","","","","","","","","","","","","","","","","","","","","","","","","","","","","","","","","","","","","","","","","",
"Low & middle income","LMY","PM2.5 pollution, population exposed to levels exceeding WHO Interim Target-3 value (% of total)","EN.ATM.PM25.MC.T3.ZS","","","","","","","","","","","","","","","","","","","","","","","","","","","","","","","","","","","","","","","","","","","","","","","","","","","","","","","","","","",
"Lesotho","LSO","PM2.5 pollution, population exposed to levels exceeding WHO Interim Target-3 value (% of total)","EN.ATM.PM25.MC.T3.ZS","","","","","","","","","","","","","","","","","","","","","","","","","","","","","","","100","","","","","100","","","","","100","","","","","100","","","","","100","100","100","100","100","100","100","",
"Late-demographic dividend","LTE","PM2.5 pollution, population exposed to levels exceeding WHO Interim Target-3 value (% of total)","EN.ATM.PM25.MC.T3.ZS","","","","","","","","","","","","","","","","","","","","","","","","","","","","","","","","","","","","","","","","","","","","","","","","","","","","","","","","","","",
"Lithuania","LTU","PM2.5 pollution, population exposed to levels exceeding WHO Interim Target-3 value (% of total)","EN.ATM.PM25.MC.T3.ZS","","","","","","","","","","","","","","","","","","","","","","","","","","","","","","","100","","","","","100","","","","","100","","","","","99.8746578","","","","","100","99.897173","95.4623186","100","100","86.9358445","86.3333357","",
"Luxembourg","LUX","PM2.5 pollution, population exposed to levels exceeding WHO Interim Target-3 value (% of total)","EN.ATM.PM25.MC.T3.ZS","","","","","","","","","","","","","","","","","","","","","","","","","","","","","","","100","","","","","98.5936904","","","","","98.55414","","","","","98.5737091","","","","","98.5888371","98.5913067","98.5935841","98.5956602","98.5975262","98.5991742","98.6006054","",
"Latvia","LVA","PM2.5 pollution, population exposed to levels exceeding WHO Interim Target-3 value (% of total)","EN.ATM.PM25.MC.T3.ZS","","","","","","","","","","","","","","","","","","","","","","","","","","","","","","","100","","","","","99.9777387","","","","","97.8355881","","","","","96.3466144","","","","","97.4949316","96.0033036","90.7636276","98.0837924","99.7157486","71.3824711","68.4973227","",
"Macao SAR, China","MAC","PM2.5 pollution, population exposed to levels exceeding WHO Interim Target-3 value (% of total)","EN.ATM.PM25.MC.T3.ZS","","","","","","","","","","","","","","","","","","","","","","","","","","","","","","","","","","","","","","","","","","","","","","","","","","","","","","","","","","",
"St. Martin (French part)","MAF","PM2.5 pollution, population exposed to levels exceeding WHO Interim Target-3 value (% of total)","EN.ATM.PM25.MC.T3.ZS","","","","","","","","","","","","","","","","","","","","","","","","","","","","","","","","","","","","","","","","","","","","","","","","","","","","","","","","","","",
"Morocco","MAR","PM2.5 pollution, population exposed to levels exceeding WHO Interim Target-3 value (% of total)","EN.ATM.PM25.MC.T3.ZS","","","","","","","","","","","","","","","","","","","","","","","","","","","","","","","99.6180319","","","","","99.3868133","","","","","99.2004355","","","","","99.1216251","","","","","94.2986667","92.4898707","89.9681408","94.3527297","98.5316828","100","100","",
"Monaco","MCO","PM2.5 pollution, population exposed to levels exceeding WHO Interim Target-3 value (% of total)","EN.ATM.PM25.MC.T3.ZS","","","","","","","","","","","","","","","","","","","","","","","","","","","","","","","","","","","","","","","","","","","","","","","","","","","","","","","","","","",
"Moldova","MDA","PM2.5 pollution, population exposed to levels exceeding WHO Interim Target-3 value (% of total)","EN.ATM.PM25.MC.T3.ZS","","","","","","","","","","","","","","","","","","","","","","","","","","","","","","","100","","","","","100","","","","","100","","","","","100","","","","","100","100","100","100","100","100","100","",
"Madagascar","MDG","PM2.5 pollution, population exposed to levels exceeding WHO Interim Target-3 value (% of total)","EN.ATM.PM25.MC.T3.ZS","","","","","","","","","","","","","","","","","","","","","","","","","","","","","","","84.7520839","","","","","86.6249637","","","","","87.745724","","","","","87.5648445","","","","","78.6137127","77.0911815","79.5370399","78.4981812","80.2745348","86.0246459","86.276227","",
"Maldives","MDV","PM2.5 pollution, population exposed to levels exceeding WHO Interim Target-3 value (% of total)","EN.ATM.PM25.MC.T3.ZS","","","","","","","","","","","","","","","","","","","","","","","","","","","","","","","100","","","","","100","","","","","100","","","","","100","","","","","100","100","100","100","100","100","100","",
"Middle East & North Africa","MEA","PM2.5 pollution, population exposed to levels exceeding WHO Interim Target-3 value (% of total)","EN.ATM.PM25.MC.T3.ZS","","","","","","","","","","","","","","","","","","","","","","","","","","","","","","","","","","","","","","","","","","","","","","","","","","","","","","","","","","",
"Mexico","MEX","PM2.5 pollution, population exposed to levels exceeding WHO Interim Target-3 value (% of total)","EN.ATM.PM25.MC.T3.ZS","","","","","","","","","","","","","","","","","","","","","","","","","","","","","","","98.545044","","","","","99.423411","","","","","99.8337361","","","","","99.9701092","","","","","97.31672","97.7183898","98.142493","96.9050997","95.7260555","93.5420449","93.3918229","",
"Marshall Islands","MHL","PM2.5 pollution, population exposed to levels exceeding WHO Interim Target-3 value (% of total)","EN.ATM.PM25.MC.T3.ZS","","","","","","","","","","","","","","","","","","","","","","","","","","","","","","","0","","","","","0","","","","","0","","","","","0","","","","","0","0","0","0","0","0","0","",
"Middle income","MIC","PM2.5 pollution, population exposed to levels exceeding WHO Interim Target-3 value (% of total)","EN.ATM.PM25.MC.T3.ZS","","","","","","","","","","","","","","","","","","","","","","","","","","","","","","","","","","","","","","","","","","","","","","","","","","","","","","","","","","",
"Macedonia, FYR","MKD","PM2.5 pollution, population exposed to levels exceeding WHO Interim Target-3 value (% of total)","EN.ATM.PM25.MC.T3.ZS","","","","","","","","","","","","","","","","","","","","","","","","","","","","","","","99.9549664","","","","","99.9559409","","","","","99.8868948","","","","","99.7989096","","","","","99.8880785","99.8882125","99.88835","99.8884907","99.8886342","99.8887801","99.8889279","",
"Mali","MLI","PM2.5 pollution, population exposed to levels exceeding WHO Interim Target-3 value (% of total)","EN.ATM.PM25.MC.T3.ZS","","","","","","","","","","","","","","","","","","","","","","","","","","","","","","","100","","","","","100","","","","","100","","","","","100","","","","","100","100","100","100","100","100","100","",
"Malta","MLT","PM2.5 pollution, population exposed to levels exceeding WHO Interim Target-3 value (% of total)","EN.ATM.PM25.MC.T3.ZS","","","","","","","","","","","","","","","","","","","","","","","","","","","","","","","63.371939","","","","","56.1543572","","","","","45.347169","","","","","0","","","","","60.9118478","53.2203983","43.8919079","52.8622028","60.793829","0","0","",
"Myanmar","MMR","PM2.5 pollution, population exposed to levels exceeding WHO Interim Target-3 value (% of total)","EN.ATM.PM25.MC.T3.ZS","","","","","","","","","","","","","","","","","","","","","","","","","","","","","","","100","","","","","100","","","","","100","","","","","100","","","","","100","100","100","100","100","100","100","",
"Middle East & North Africa (excluding high income)","MNA","PM2.5 pollution, population exposed to levels exceeding WHO Interim Target-3 value (% of total)","EN.ATM.PM25.MC.T3.ZS","","","","","","","","","","","","","","","","","","","","","","","","","","","","","","","","","","","","","","","","","","","","","","","","","","","","","","","","","","",
"Montenegro","MNE","PM2.5 pollution, population exposed to levels exceeding WHO Interim Target-3 value (% of total)","EN.ATM.PM25.MC.T3.ZS","","","","","","","","","","","","","","","","","","","","","","","","","","","","","","","100","","","","","100","","","","","99.3880512","","","","","96.7468942","","","","","100","100","100","100","100","100","100","",
"Mongolia","MNG","PM2.5 pollution, population exposed to levels exceeding WHO Interim Target-3 value (% of total)","EN.ATM.PM25.MC.T3.ZS","","","","","","","","","","","","","","","","","","","","","","","","","","","","","","","70.2025187","","","","","54.1844121","","","","","62.5729634","","","","","62.0015352","","","","","69.9961146","69.6457099","70.8689755","72.3778884","74.3670022","89.0772249","90.0023784","",
"Northern Mariana Islands","MNP","PM2.5 pollution, population exposed to levels exceeding WHO Interim Target-3 value (% of total)","EN.ATM.PM25.MC.T3.ZS","","","","","","","","","","","","","","","","","","","","","","","","","","","","","","","0","","","","","0","","","","","0","","","","","0","","","","","0","0","0","0","0","0","0","",
"Mozambique","MOZ","PM2.5 pollution, population exposed to levels exceeding WHO Interim Target-3 value (% of total)","EN.ATM.PM25.MC.T3.ZS","","","","","","","","","","","","","","","","","","","","","","","","","","","","","","","99.9238467","","","","","99.9428448","","","","","99.9433772","","","","","99.4378877","","","","","94.7603209","97.3957533","96.3379959","95.9121712","95.4039773","98.0736414","98.2544021","",
"Mauritania","MRT","PM2.5 pollution, population exposed to levels exceeding WHO Interim Target-3 value (% of total)","EN.ATM.PM25.MC.T3.ZS","","","","","","","","","","","","","","","","","","","","","","","","","","","","","","","100","","","","","100","","","","","100","","","","","100","","","","","100","100","100","100","100","100","100","",
"Mauritius","MUS","PM2.5 pollution, population exposed to levels exceeding WHO Interim Target-3 value (% of total)","EN.ATM.PM25.MC.T3.ZS","","","","","","","","","","","","","","","","","","","","","","","","","","","","","","","91.62597","","","","","91.6259491","","","","","91.5877182","","","","","91.684283","","","","","52.2858484","52.2458482","69.1556349","79.2203059","83.2120256","74.3230765","74.3231187","",
"Malawi","MWI","PM2.5 pollution, population exposed to levels exceeding WHO Interim Target-3 value (% of total)","EN.ATM.PM25.MC.T3.ZS","","","","","","","","","","","","","","","","","","","","","","","","","","","","","","","99.9999892","","","","","99.9999707","","","","","99.999982","","","","","99.9999315","","","","","99.999671","99.9999458","99.9999537","99.9999462","99.9995706","99.9999737","99.9999775","",
"Malaysia","MYS","PM2.5 pollution, population exposed to levels exceeding WHO Interim Target-3 value (% of total)","EN.ATM.PM25.MC.T3.ZS","","","","","","","","","","","","","","","","","","","","","","","","","","","","","","","77.7346385","","","","","78.4378306","","","","","79.5432875","","","","","91.9146675","","","","","75.2908384","79.4861711","81.8925094","83.7456249","75.41619","82.585904","82.7393512","",
"North America","NAC","PM2.5 pollution, population exposed to levels exceeding WHO Interim Target-3 value (% of total)","EN.ATM.PM25.MC.T3.ZS","","","","","","","","","","","","","","","","","","","","","","","","","","","","","","","","","","","","","","","","","","","","","","","","","","","","","","","","","","",
"Namibia","NAM","PM2.5 pollution, population exposed to levels exceeding WHO Interim Target-3 value (% of total)","EN.ATM.PM25.MC.T3.ZS","","","","","","","","","","","","","","","","","","","","","","","","","","","","","","","95.2287845","","","","","95.2158438","","","","","97.5912553","","","","","96.5094992","","","","","92.6136491","92.6241322","92.5092149","91.4106843","91.6333528","96.9744965","97.2163357","",
"New Caledonia","NCL","PM2.5 pollution, population exposed to levels exceeding WHO Interim Target-3 value (% of total)","EN.ATM.PM25.MC.T3.ZS","","","","","","","","","","","","","","","","","","","","","","","","","","","","","","","","","","","","","","","","","","","","","","","","","","","","","","","","","","",
"Niger","NER","PM2.5 pollution, population exposed to levels exceeding WHO Interim Target-3 value (% of total)","EN.ATM.PM25.MC.T3.ZS","","","","","","","","","","","","","","","","","","","","","","","","","","","","","","","100","","","","","100","","","","","100","","","","","100","","","","","100","100","100","100","100","100","100","",
"Nigeria","NGA","PM2.5 pollution, population exposed to levels exceeding WHO Interim Target-3 value (% of total)","EN.ATM.PM25.MC.T3.ZS","","","","","","","","","","","","","","","","","","","","","","","","","","","","","","","100","","","","","100","","","","","100","","","","","100","","","","","100","100","100","100","100","100","100","",
"Nicaragua","NIC","PM2.5 pollution, population exposed to levels exceeding WHO Interim Target-3 value (% of total)","EN.ATM.PM25.MC.T3.ZS","","","","","","","","","","","","","","","","","","","","","","","","","","","","","","","100","","","","","100","","","","","100","","","","","100","","","","","99.9945324","99.9998329","99.9999404","100","100","99.9996912","99.9996908","",
"Netherlands","NLD","PM2.5 pollution, population exposed to levels exceeding WHO Interim Target-3 value (% of total)","EN.ATM.PM25.MC.T3.ZS","","","","","","","","","","","","","","","","","","","","","","","","","","","","","","","100","","","","","99.7131536","","","","","96.6904285","","","","","96.6903064","","","","","94.9774109","94.7299683","87.4885077","92.068191","93.7179394","91.8058961","91.5829136","",
"Norway","NOR","PM2.5 pollution, population exposed to levels exceeding WHO Interim Target-3 value (% of total)","EN.ATM.PM25.MC.T3.ZS","","","","","","","","","","","","","","","","","","","","","","","","","","","","","","","1.8815899","","","","","1.7254503","","","","","0","","","","","0","","","","","0","0","0","0","0","0","0","",
"Nepal","NPL","PM2.5 pollution, population exposed to levels exceeding WHO Interim Target-3 value (% of total)","EN.ATM.PM25.MC.T3.ZS","","","","","","","","","","","","","","","","","","","","","","","","","","","","","","","99.1175339","","","","","99.1635203","","","","","99.6913902","","","","","99.8912886","","","","","99.8639116","99.8737944","99.8814996","99.9280799","99.8936041","99.9418219","99.9437771","",
"Nauru","NRU","PM2.5 pollution, population exposed to levels exceeding WHO Interim Target-3 value (% of total)","EN.ATM.PM25.MC.T3.ZS","","","","","","","","","","","","","","","","","","","","","","","","","","","","","","","","","","","","","","","","","","","","","","","","","","","","","","","","","","",
"New Zealand","NZL","PM2.5 pollution, population exposed to levels exceeding WHO Interim Target-3 value (% of total)","EN.ATM.PM25.MC.T3.ZS","","","","","","","","","","","","","","","","","","","","","","","","","","","","","","","0","","","","","0","","","","","0","","","","","0","","","","","0","0","0","0","0","0","0","",
"OECD members","OED","PM2.5 pollution, population exposed to levels exceeding WHO Interim Target-3 value (% of total)","EN.ATM.PM25.MC.T3.ZS","","","","","","","","","","","","","","","","","","","","","","","","","","","","","","","","","","","","","","","","","","","","","","","","","","","","","","","","","","",
"Oman","OMN","PM2.5 pollution, population exposed to levels exceeding WHO Interim Target-3 value (% of total)","EN.ATM.PM25.MC.T3.ZS","","","","","","","","","","","","","","","","","","","","","","","","","","","","","","","100","","","","","100","","","","","100","","","","","100","","","","","100","100","100","100","100","100","100","",
"Other small states","OSS","PM2.5 pollution, population exposed to levels exceeding WHO Interim Target-3 value (% of total)","EN.ATM.PM25.MC.T3.ZS","","","","","","","","","","","","","","","","","","","","","","","","","","","","","","","","","","","","","","","","","","","","","","","","","","","","","","","","","","",
"Pakistan","PAK","PM2.5 pollution, population exposed to levels exceeding WHO Interim Target-3 value (% of total)","EN.ATM.PM25.MC.T3.ZS","","","","","","","","","","","","","","","","","","","","","","","","","","","","","","","99.7422487","","","","","99.699224","","","","","99.9043921","","","","","99.9555842","","","","","99.8987543","99.9046343","99.9273682","99.9409804","99.9434371","99.9309821","99.9310264","",
"Panama","PAN","PM2.5 pollution, population exposed to levels exceeding WHO Interim Target-3 value (% of total)","EN.ATM.PM25.MC.T3.ZS","","","","","","","","","","","","","","","","","","","","","","","","","","","","","","","72.5055323","","","","","69.9874075","","","","","75.8483929","","","","","62.7972838","","","","","0","0","13.2531194","25.1786217","22.5302221","62.6878627","63.3957663","",
"Peru","PER","PM2.5 pollution, population exposed to levels exceeding WHO Interim Target-3 value (% of total)","EN.ATM.PM25.MC.T3.ZS","","","","","","","","","","","","","","","","","","","","","","","","","","","","","","","99.9995151","","","","","100","","","","","100","","","","","100","","","","","99.9624312","99.9928533","99.9922466","99.9927603","99.9673348","98.12575","97.5508785","",
"Philippines","PHL","PM2.5 pollution, population exposed to levels exceeding WHO Interim Target-3 value (% of total)","EN.ATM.PM25.MC.T3.ZS","","","","","","","","","","","","","","","","","","","","","","","","","","","","","","","99.9478158","","","","","99.9675962","","","","","99.9919814","","","","","100","","","","","99.9049958","99.5963809","99.7404329","99.9942299","99.7502724","99.989954","99.987994","",
"Palau","PLW","PM2.5 pollution, population exposed to levels exceeding WHO Interim Target-3 value (% of total)","EN.ATM.PM25.MC.T3.ZS","","","","","","","","","","","","","","","","","","","","","","","","","","","","","","","","","","","","","","","","","","","","","","","","","","","","","","","","","","",
"Papua New Guinea","PNG","PM2.5 pollution, population exposed to levels exceeding WHO Interim Target-3 value (% of total)","EN.ATM.PM25.MC.T3.ZS","","","","","","","","","","","","","","","","","","","","","","","","","","","","","","","79.1208071","","","","","78.1102402","","","","","83.7559311","","","","","43.4598106","","","","","8.8688708","25.1425628","53.2553845","67.0842002","55.605975","55.7521474","55.1253323","",
"Poland","POL","PM2.5 pollution, population exposed to levels exceeding WHO Interim Target-3 value (% of total)","EN.ATM.PM25.MC.T3.ZS","","","","","","","","","","","","","","","","","","","","","","","","","","","","","","","100","","","","","100","","","","","99.9933824","","","","","99.9864573","","","","","99.9938223","99.9938653","99.9869471","99.9939512","99.9939943","99.9871646","99.7401006","",
"Pre-demographic dividend","PRE","PM2.5 pollution, population exposed to levels exceeding WHO Interim Target-3 value (% of total)","EN.ATM.PM25.MC.T3.ZS","","","","","","","","","","","","","","","","","","","","","","","","","","","","","","","","","","","","","","","","","","","","","","","","","","","","","","","","","","",
"Puerto Rico","PRI","PM2.5 pollution, population exposed to levels exceeding WHO Interim Target-3 value (% of total)","EN.ATM.PM25.MC.T3.ZS","","","","","","","","","","","","","","","","","","","","","","","","","","","","","","","100","","","","","100","","","","","100","","","","","100","","","","","100","100","100","100","100","100","100","",
"Korea, Dem. Peoples Rep.","PRK","PM2.5 pollution, population exposed to levels exceeding WHO Interim Target-3 value (% of total)","EN.ATM.PM25.MC.T3.ZS","","","","","","","","","","","","","","","","","","","","","","","","","","","","","","","100","","","","","100","","","","","100","","","","","100","","","","","100","100","100","100","100","100","100","",
"Portugal","PRT","PM2.5 pollution, population exposed to levels exceeding WHO Interim Target-3 value (% of total)","EN.ATM.PM25.MC.T3.ZS","","","","","","","","","","","","","","","","","","","","","","","","","","","","","","","0","","","","","0","","","","","0","","","","","0","","","","","0","0","0","0","0","0","0","",
"Paraguay","PRY","PM2.5 pollution, population exposed to levels exceeding WHO Interim Target-3 value (% of total)","EN.ATM.PM25.MC.T3.ZS","","","","","","","","","","","","","","","","","","","","","","","","","","","","","","","100","","","","","100","","","","","100","","","","","100","","","","","99.2435756","99.4889397","93.4518796","89.7263019","74.560572","100","100","",
"West Bank and Gaza","PSE","PM2.5 pollution, population exposed to levels exceeding WHO Interim Target-3 value (% of total)","EN.ATM.PM25.MC.T3.ZS","","","","","","","","","","","","","","","","","","","","","","","","","","","","","","","100","","","","","100","","","","","100","","","","","100","","","","","100","100","100","100","100","100","100","",
"Pacific island small states","PSS","PM2.5 pollution, population exposed to levels exceeding WHO Interim Target-3 value (% of total)","EN.ATM.PM25.MC.T3.ZS","","","","","","","","","","","","","","","","","","","","","","","","","","","","","","","","","","","","","","","","","","","","","","","","","","","","","","","","","","",
"Post-demographic dividend","PST","PM2.5 pollution, population exposed to levels exceeding WHO Interim Target-3 value (% of total)","EN.ATM.PM25.MC.T3.ZS","","","","","","","","","","","","","","","","","","","","","","","","","","","","","","","","","","","","","","","","","","","","","","","","","","","","","","","","","","",
"French Polynesia","PYF","PM2.5 pollution, population exposed to levels exceeding WHO Interim Target-3 value (% of total)","EN.ATM.PM25.MC.T3.ZS","","","","","","","","","","","","","","","","","","","","","","","","","","","","","","","","","","","","","","","","","","","","","","","","","","","","","","","","","","",
"Qatar","QAT","PM2.5 pollution, population exposed to levels exceeding WHO Interim Target-3 value (% of total)","EN.ATM.PM25.MC.T3.ZS","","","","","","","","","","","","","","","","","","","","","","","","","","","","","","","100","","","","","100","","","","","100","","","","","100","","","","","100","100","100","100","100","100","100","",
"Romania","ROU","PM2.5 pollution, population exposed to levels exceeding WHO Interim Target-3 value (% of total)","EN.ATM.PM25.MC.T3.ZS","","","","","","","","","","","","","","","","","","","","","","","","","","","","","","","100","","","","","100","","","","","99.6763248","","","","","96.2755051","","","","","99.8198102","99.6961778","99.4447295","99.4501314","99.4671826","97.7935499","97.7767788","",
"Russian Federation","RUS","PM2.5 pollution, population exposed to levels exceeding WHO Interim Target-3 value (% of total)","EN.ATM.PM25.MC.T3.ZS","","","","","","","","","","","","","","","","","","","","","","","","","","","","","","","87.3567325","","","","","78.6922218","","","","","71.4017302","","","","","65.8020523","","","","","77.7636965","77.5821659","72.8491467","80.3421294","80.4955921","71.4923815","71.1386221","",
"Rwanda","RWA","PM2.5 pollution, population exposed to levels exceeding WHO Interim Target-3 value (% of total)","EN.ATM.PM25.MC.T3.ZS","","","","","","","","","","","","","","","","","","","","","","","","","","","","","","","100","","","","","100","","","","","100","","","","","100","","","","","100","100","100","100","100","100","100","",
"South Asia","SAS","PM2.5 pollution, population exposed to levels exceeding WHO Interim Target-3 value (% of total)","EN.ATM.PM25.MC.T3.ZS","","","","","","","","","","","","","","","","","","","","","","","","","","","","","","","","","","","","","","","","","","","","","","","","","","","","","","","","","","",
"Saudi Arabia","SAU","PM2.5 pollution, population exposed to levels exceeding WHO Interim Target-3 value (% of total)","EN.ATM.PM25.MC.T3.ZS","","","","","","","","","","","","","","","","","","","","","","","","","","","","","","","100","","","","","100","","","","","100","","","","","100","","","","","100","100","100","100","100","100","100","",
"Sudan","SDN","PM2.5 pollution, population exposed to levels exceeding WHO Interim Target-3 value (% of total)","EN.ATM.PM25.MC.T3.ZS","","","","","","","","","","","","","","","","","","","","","","","","","","","","","","","100","","","","","100","","","","","100","","","","","100","","","","","100","100","100","100","100","100","100","",
"Senegal","SEN","PM2.5 pollution, population exposed to levels exceeding WHO Interim Target-3 value (% of total)","EN.ATM.PM25.MC.T3.ZS","","","","","","","","","","","","","","","","","","","","","","","","","","","","","","","100","","","","","100","","","","","100","","","","","100","","","","","100","100","100","100","100","100","100","",
"Singapore","SGP","PM2.5 pollution, population exposed to levels exceeding WHO Interim Target-3 value (% of total)","EN.ATM.PM25.MC.T3.ZS","","","","","","","","","","","","","","","","","","","","","","","","","","","","","","","100","","","","","100","","","","","100","","","","","100","","","","","100","100","100","100","100","100","100","",
"Solomon Islands","SLB","PM2.5 pollution, population exposed to levels exceeding WHO Interim Target-3 value (% of total)","EN.ATM.PM25.MC.T3.ZS","","","","","","","","","","","","","","","","","","","","","","","","","","","","","","","0","","","","","0","","","","","0","","","","","0","","","","","0","0","0","0","0","0","0","",
"Sierra Leone","SLE","PM2.5 pollution, population exposed to levels exceeding WHO Interim Target-3 value (% of total)","EN.ATM.PM25.MC.T3.ZS","","","","","","","","","","","","","","","","","","","","","","","","","","","","","","","99.9624403","","","","","99.9608656","","","","","99.9667401","","","","","99.9664089","","","","","99.9661729","99.9661356","99.9661016","99.9660714","99.9660454","100","100","",
"El Salvador","SLV","PM2.5 pollution, population exposed to levels exceeding WHO Interim Target-3 value (% of total)","EN.ATM.PM25.MC.T3.ZS","","","","","","","","","","","","","","","","","","","","","","","","","","","","","","","100","","","","","100","","","","","100","","","","","100","","","","","100","100","100","100","100","100","100","",
"San Marino","SMR","PM2.5 pollution, population exposed to levels exceeding WHO Interim Target-3 value (% of total)","EN.ATM.PM25.MC.T3.ZS","","","","","","","","","","","","","","","","","","","","","","","","","","","","","","","","","","","","","","","","","","","","","","","","","","","","","","","","","","",
"Somalia","SOM","PM2.5 pollution, population exposed to levels exceeding WHO Interim Target-3 value (% of total)","EN.ATM.PM25.MC.T3.ZS","","","","","","","","","","","","","","","","","","","","","","","","","","","","","","","99.6095364","","","","","99.6626335","","","","","99.0538493","","","","","97.4481893","","","","","98.3823879","99.7311259","99.5704831","98.397123","92.4042932","99.7462781","99.7965691","",
"Serbia","SRB","PM2.5 pollution, population exposed to levels exceeding WHO Interim Target-3 value (% of total)","EN.ATM.PM25.MC.T3.ZS","","","","","","","","","","","","","","","","","","","","","","","","","","","","","","","100","","","","","97.8792278","","","","","97.3431448","","","","","91.5084882","","","","","99.9525639","99.9532099","99.9699824","100","100","98.780565","98.617718","",
"Sub-Saharan Africa (excluding high income)","SSA","PM2.5 pollution, population exposed to levels exceeding WHO Interim Target-3 value (% of total)","EN.ATM.PM25.MC.T3.ZS","","","","","","","","","","","","","","","","","","","","","","","","","","","","","","","","","","","","","","","","","","","","","","","","","","","","","","","","","","",
"South Sudan","SSD","PM2.5 pollution, population exposed to levels exceeding WHO Interim Target-3 value (% of total)","EN.ATM.PM25.MC.T3.ZS","","","","","","","","","","","","","","","","","","","","","","","","","","","","","","","100","","","","","100","","","","","100","","","","","100","","","","","100","100","100","100","100","100","100","",
"Sub-Saharan Africa","SSF","PM2.5 pollution, population exposed to levels exceeding WHO Interim Target-3 value (% of total)","EN.ATM.PM25.MC.T3.ZS","","","","","","","","","","","","","","","","","","","","","","","","","","","","","","","","","","","","","","","","","","","","","","","","","","","","","","","","","","",
"Small states","SST","PM2.5 pollution, population exposed to levels exceeding WHO Interim Target-3 value (% of total)","EN.ATM.PM25.MC.T3.ZS","","","","","","","","","","","","","","","","","","","","","","","","","","","","","","","","","","","","","","","","","","","","","","","","","","","","","","","","","","",
"Sao Tome and Principe","STP","PM2.5 pollution, population exposed to levels exceeding WHO Interim Target-3 value (% of total)","EN.ATM.PM25.MC.T3.ZS","","","","","","","","","","","","","","","","","","","","","","","","","","","","","","","100","","","","","100","","","","","100","","","","","100","","","","","39.602589","0","73.0512397","39.5981376","89.4901105","100","100","",
"Suriname","SUR","PM2.5 pollution, population exposed to levels exceeding WHO Interim Target-3 value (% of total)","EN.ATM.PM25.MC.T3.ZS","","","","","","","","","","","","","","","","","","","","","","","","","","","","","","","100","","","","","100","","","","","100","","","","","99.716483","","","","","84.8385069","99.5665422","99.9673988","99.9921795","99.8276738","99.9923604","99.9924511","",
"Slovak Republic","SVK","PM2.5 pollution, population exposed to levels exceeding WHO Interim Target-3 value (% of total)","EN.ATM.PM25.MC.T3.ZS","","","","","","","","","","","","","","","","","","","","","","","","","","","","","","","100","","","","","100","","","","","100","","","","","100","","","","","100","100","100","100","100","100","100","",
"Slovenia","SVN","PM2.5 pollution, population exposed to levels exceeding WHO Interim Target-3 value (% of total)","EN.ATM.PM25.MC.T3.ZS","","","","","","","","","","","","","","","","","","","","","","","","","","","","","","","100","","","","","100","","","","","97.4770859","","","","","95.735983","","","","","91.7080948","76.0566525","91.1521672","99.9194855","100","97.8795826","96.4226806","",
"Sweden","SWE","PM2.5 pollution, population exposed to levels exceeding WHO Interim Target-3 value (% of total)","EN.ATM.PM25.MC.T3.ZS","","","","","","","","","","","","","","","","","","","","","","","","","","","","","","","0","","","","","0","","","","","0","","","","","0","","","","","0","0","0","0","0","0","0","",
"Eswatini","SWZ","PM2.5 pollution, population exposed to levels exceeding WHO Interim Target-3 value (% of total)","EN.ATM.PM25.MC.T3.ZS","","","","","","","","","","","","","","","","","","","","","","","","","","","","","","","100","","","","","100","","","","","100","","","","","100","","","","","100","100","100","100","100","100","100","",
"Sint Maarten (Dutch part)","SXM","PM2.5 pollution, population exposed to levels exceeding WHO Interim Target-3 value (% of total)","EN.ATM.PM25.MC.T3.ZS","","","","","","","","","","","","","","","","","","","","","","","","","","","","","","","","","","","","","","","","","","","","","","","","","","","","","","","","","","",
"Seychelles","SYC","PM2.5 pollution, population exposed to levels exceeding WHO Interim Target-3 value (% of total)","EN.ATM.PM25.MC.T3.ZS","","","","","","","","","","","","","","","","","","","","","","","","","","","","","","","100","","","","","100","","","","","100","","","","","100","","","","","100","100","100","100","100","100","100","",
"Syrian Arab Republic","SYR","PM2.5 pollution, population exposed to levels exceeding WHO Interim Target-3 value (% of total)","EN.ATM.PM25.MC.T3.ZS","","","","","","","","","","","","","","","","","","","","","","","","","","","","","","","100","","","","","100","","","","","100","","","","","100","","","","","100","100","100","100","100","100","100","",
"Turks and Caicos Islands","TCA","PM2.5 pollution, population exposed to levels exceeding WHO Interim Target-3 value (% of total)","EN.ATM.PM25.MC.T3.ZS","","","","","","","","","","","","","","","","","","","","","","","","","","","","","","","","","","","","","","","","","","","","","","","","","","","","","","","","","","",
"Chad","TCD","PM2.5 pollution, population exposed to levels exceeding WHO Interim Target-3 value (% of total)","EN.ATM.PM25.MC.T3.ZS","","","","","","","","","","","","","","","","","","","","","","","","","","","","","","","100","","","","","100","","","","","100","","","","","100","","","","","100","100","100","100","100","100","100","",
"East Asia & Pacific (IDA & IBRD countries)","TEA","PM2.5 pollution, population exposed to levels exceeding WHO Interim Target-3 value (% of total)","EN.ATM.PM25.MC.T3.ZS","","","","","","","","","","","","","","","","","","","","","","","","","","","","","","","","","","","","","","","","","","","","","","","","","","","","","","","","","","",
"Europe & Central Asia (IDA & IBRD countries)","TEC","PM2.5 pollution, population exposed to levels exceeding WHO Interim Target-3 value (% of total)","EN.ATM.PM25.MC.T3.ZS","","","","","","","","","","","","","","","","","","","","","","","","","","","","","","","","","","","","","","","","","","","","","","","","","","","","","","","","","","",
"Togo","TGO","PM2.5 pollution, population exposed to levels exceeding WHO Interim Target-3 value (% of total)","EN.ATM.PM25.MC.T3.ZS","","","","","","","","","","","","","","","","","","","","","","","","","","","","","","","100","","","","","100","","","","","100","","","","","100","","","","","100","100","100","100","100","100","100","",
"Thailand","THA","PM2.5 pollution, population exposed to levels exceeding WHO Interim Target-3 value (% of total)","EN.ATM.PM25.MC.T3.ZS","","","","","","","","","","","","","","","","","","","","","","","","","","","","","","","99.9163714","","","","","99.8993676","","","","","99.8746215","","","","","100","","","","","99.7407898","99.7397876","100","100","100","100","100","",
"Tajikistan","TJK","PM2.5 pollution, population exposed to levels exceeding WHO Interim Target-3 value (% of total)","EN.ATM.PM25.MC.T3.ZS","","","","","","","","","","","","","","","","","","","","","","","","","","","","","","","100","","","","","99.943194","","","","","99.9487631","","","","","99.9999666","","","","","99.8716738","99.8883444","99.9670771","99.9999744","100","99.9993719","99.9983478","",
"Turkmenistan","TKM","PM2.5 pollution, population exposed to levels exceeding WHO Interim Target-3 value (% of total)","EN.ATM.PM25.MC.T3.ZS","","","","","","","","","","","","","","","","","","","","","","","","","","","","","","","100","","","","","100","","","","","100","","","","","100","","","","","100","100","100","100","100","100","100","",
"Latin America & the Caribbean (IDA & IBRD countries)","TLA","PM2.5 pollution, population exposed to levels exceeding WHO Interim Target-3 value (% of total)","EN.ATM.PM25.MC.T3.ZS","","","","","","","","","","","","","","","","","","","","","","","","","","","","","","","","","","","","","","","","","","","","","","","","","","","","","","","","","","",
"Timor-Leste","TLS","PM2.5 pollution, population exposed to levels exceeding WHO Interim Target-3 value (% of total)","EN.ATM.PM25.MC.T3.ZS","","","","","","","","","","","","","","","","","","","","","","","","","","","","","","","90.7339823","","","","","90.5597148","","","","","90.2919102","","","","","89.5297106","","","","","89.6061564","89.5964805","89.6149697","89.7202364","89.9581285","90.3528442","90.8869641","",
"Middle East & North Africa (IDA & IBRD countries)","TMN","PM2.5 pollution, population exposed to levels exceeding WHO Interim Target-3 value (% of total)","EN.ATM.PM25.MC.T3.ZS","","","","","","","","","","","","","","","","","","","","","","","","","","","","","","","","","","","","","","","","","","","","","","","","","","","","","","","","","","",
"Tonga","TON","PM2.5 pollution, population exposed to levels exceeding WHO Interim Target-3 value (% of total)","EN.ATM.PM25.MC.T3.ZS","","","","","","","","","","","","","","","","","","","","","","","","","","","","","","","0","","","","","0","","","","","0","","","","","0","","","","","0","0","0","0","0","0","0","",
"South Asia (IDA & IBRD)","TSA","PM2.5 pollution, population exposed to levels exceeding WHO Interim Target-3 value (% of total)","EN.ATM.PM25.MC.T3.ZS","","","","","","","","","","","","","","","","","","","","","","","","","","","","","","","","","","","","","","","","","","","","","","","","","","","","","","","","","","",
"Sub-Saharan Africa (IDA & IBRD countries)","TSS","PM2.5 pollution, population exposed to levels exceeding WHO Interim Target-3 value (% of total)","EN.ATM.PM25.MC.T3.ZS","","","","","","","","","","","","","","","","","","","","","","","","","","","","","","","","","","","","","","","","","","","","","","","","","","","","","","","","","","",
"Trinidad and Tobago","TTO","PM2.5 pollution, population exposed to levels exceeding WHO Interim Target-3 value (% of total)","EN.ATM.PM25.MC.T3.ZS","","","","","","","","","","","","","","","","","","","","","","","","","","","","","","","100","","","","","100","","","","","100","","","","","100","","","","","0","0","0","72.6942554","75.3102279","100","100","",
"Tunisia","TUN","PM2.5 pollution, population exposed to levels exceeding WHO Interim Target-3 value (% of total)","EN.ATM.PM25.MC.T3.ZS","","","","","","","","","","","","","","","","","","","","","","","","","","","","","","","100","","","","","100","","","","","100","","","","","100","","","","","100","100","100","100","100","100","100","",
"Turkey","TUR","PM2.5 pollution, population exposed to levels exceeding WHO Interim Target-3 value (% of total)","EN.ATM.PM25.MC.T3.ZS","","","","","","","","","","","","","","","","","","","","","","","","","","","","","","","99.9824578","","","","","99.8420449","","","","","99.8681503","","","","","99.8608765","","","","","99.8555858","99.8547595","99.8540057","99.8533305","99.8527399","99.8522394","99.8518301","",
"Tuvalu","TUV","PM2.5 pollution, population exposed to levels exceeding WHO Interim Target-3 value (% of total)","EN.ATM.PM25.MC.T3.ZS","","","","","","","","","","","","","","","","","","","","","","","","","","","","","","","","","","","","","","","","","","","","","","","","","","","","","","","","","","",
"Tanzania","TZA","PM2.5 pollution, population exposed to levels exceeding WHO Interim Target-3 value (% of total)","EN.ATM.PM25.MC.T3.ZS","","","","","","","","","","","","","","","","","","","","","","","","","","","","","","","99.6204199","","","","","99.6365884","","","","","99.3769661","","","","","98.2749496","","","","","97.1616246","98.5163847","99.0015135","98.8435531","98.3942372","96.3339228","95.861412","",
"Uganda","UGA","PM2.5 pollution, population exposed to levels exceeding WHO Interim Target-3 value (% of total)","EN.ATM.PM25.MC.T3.ZS","","","","","","","","","","","","","","","","","","","","","","","","","","","","","","","99.9939802","","","","","99.9937614","","","","","100","","","","","99.9896791","","","","","100","100","100","100","100","100","100","",
"Ukraine","UKR","PM2.5 pollution, population exposed to levels exceeding WHO Interim Target-3 value (% of total)","EN.ATM.PM25.MC.T3.ZS","","","","","","","","","","","","","","","","","","","","","","","","","","","","","","","100","","","","","100","","","","","100","","","","","97.3377605","","","","","99.9100482","99.9583804","99.5356252","100","100","99.9919639","99.9920027","",
"Upper middle income","UMC","PM2.5 pollution, population exposed to levels exceeding WHO Interim Target-3 value (% of total)","EN.ATM.PM25.MC.T3.ZS","","","","","","","","","","","","","","","","","","","","","","","","","","","","","","","","","","","","","","","","","","","","","","","","","","","","","","","","","","",
"Uruguay","URY","PM2.5 pollution, population exposed to levels exceeding WHO Interim Target-3 value (% of total)","EN.ATM.PM25.MC.T3.ZS","","","","","","","","","","","","","","","","","","","","","","","","","","","","","","","23.8339147","","","","","24.5298733","","","","","47.5359299","","","","","0.1227549","","","","","0","0","0","0","0","0","0","",
"United States","USA","PM2.5 pollution, population exposed to levels exceeding WHO Interim Target-3 value (% of total)","EN.ATM.PM25.MC.T3.ZS","","","","","","","","","","","","","","","","","","","","","","","","","","","","","","","7.3793029","","","","","3.3659899","","","","","2.8464838","","","","","1.3006635","","","","","0.1329351","0.1334006","0.133849","0.1342784","0.193836","0.3884755","0.4574381","",
"Uzbekistan","UZB","PM2.5 pollution, population exposed to levels exceeding WHO Interim Target-3 value (% of total)","EN.ATM.PM25.MC.T3.ZS","","","","","","","","","","","","","","","","","","","","","","","","","","","","","","","100","","","","","100","","","","","100","","","","","99.7679227","","","","","99.9998973","99.993505","100","100","100","99.986531","99.9832783","",
"St. Vincent and the Grenadines","VCT","PM2.5 pollution, population exposed to levels exceeding WHO Interim Target-3 value (% of total)","EN.ATM.PM25.MC.T3.ZS","","","","","","","","","","","","","","","","","","","","","","","","","","","","","","","100","","","","","100","","","","","100","","","","","100","","","","","100","100","100","100","100","100","100","",
"Venezuela, RB","VEN","PM2.5 pollution, population exposed to levels exceeding WHO Interim Target-3 value (% of total)","EN.ATM.PM25.MC.T3.ZS","","","","","","","","","","","","","","","","","","","","","","","","","","","","","","","99.9989126","","","","","99.9989776","","","","","99.9992022","","","","","99.9365641","","","","","98.9518175","99.8451979","99.843216","99.9787439","99.0860244","99.3703838","99.4041043","",
"British Virgin Islands","VGB","PM2.5 pollution, population exposed to levels exceeding WHO Interim Target-3 value (% of total)","EN.ATM.PM25.MC.T3.ZS","","","","","","","","","","","","","","","","","","","","","","","","","","","","","","","","","","","","","","","","","","","","","","","","","","","","","","","","","","",
"Virgin Islands (U.S.)","VIR","PM2.5 pollution, population exposed to levels exceeding WHO Interim Target-3 value (% of total)","EN.ATM.PM25.MC.T3.ZS","","","","","","","","","","","","","","","","","","","","","","","","","","","","","","","100","","","","","100","","","","","100","","","","","100","","","","","100","100","100","100","100","100","100","",
"Vietnam","VNM","PM2.5 pollution, population exposed to levels exceeding WHO Interim Target-3 value (% of total)","EN.ATM.PM25.MC.T3.ZS","","","","","","","","","","","","","","","","","","","","","","","","","","","","","","","100","","","","","100","","","","","100","","","","","100","","","","","100","100","100","100","100","100","100","",
"Vanuatu","VUT","PM2.5 pollution, population exposed to levels exceeding WHO Interim Target-3 value (% of total)","EN.ATM.PM25.MC.T3.ZS","","","","","","","","","","","","","","","","","","","","","","","","","","","","","","","0","","","","","0","","","","","0","","","","","0","","","","","0","0","0","0","0","0","0","",
"World","WLD","PM2.5 pollution, population exposed to levels exceeding WHO Interim Target-3 value (% of total)","EN.ATM.PM25.MC.T3.ZS","","","","","","","","","","","","","","","","","","","","","","","","","","","","","","","","","","","","","","","","","","","","","","","","","","","","","","","","","","",
"Samoa","WSM","PM2.5 pollution, population exposed to levels exceeding WHO Interim Target-3 value (% of total)","EN.ATM.PM25.MC.T3.ZS","","","","","","","","","","","","","","","","","","","","","","","","","","","","","","","0","","","","","0","","","","","0","","","","","0","","","","","0","0","0","0","0","0","0","",
"Kosovo","XKX","PM2.5 pollution, population exposed to levels exceeding WHO Interim Target-3 value (% of total)","EN.ATM.PM25.MC.T3.ZS","","","","","","","","","","","","","","","","","","","","","","","","","","","","","","","","","","","","","","","","","","","","","","","","","","","","","","","","","","",
"Yemen, Rep.","YEM","PM2.5 pollution, population exposed to levels exceeding WHO Interim Target-3 value (% of total)","EN.ATM.PM25.MC.T3.ZS","","","","","","","","","","","","","","","","","","","","","","","","","","","","","","","100","","","","","100","","","","","100","","","","","100","","","","","100","100","100","100","100","100","100","",
"South Africa","ZAF","PM2.5 pollution, population exposed to levels exceeding WHO Interim Target-3 value (% of total)","EN.ATM.PM25.MC.T3.ZS","","","","","","","","","","","","","","","","","","","","","","","","","","","","","","","99.8662667","","","","","99.9037634","","","","","99.9213288","","","","","99.7061631","","","","","98.4243708","98.2915509","98.0777663","98.3266825","98.7493867","99.2643957","99.2738018","",
"Zambia","ZMB","PM2.5 pollution, population exposed to levels exceeding WHO Interim Target-3 value (% of total)","EN.ATM.PM25.MC.T3.ZS","","","","","","","","","","","","","","","","","","","","","","","","","","","","","","","100","","","","","100","","","","","100","","","","","99.9999808","","","","","99.9999712","99.9999796","99.9999794","99.9999793","99.9999791","99.9999808","99.9999807","",
"Zimbabwe","ZWE","PM2.5 pollution, population exposed to levels exceeding WHO Interim Target-3 value (% of total)","EN.ATM.PM25.MC.T3.ZS","","","","","","","","","","","","","","","","","","","","","","","","","","","","","","","100","","","","","100","","","","","99.9999983","","","","","99.9999983","","","","","99.9999984","99.9999984","99.9999984","99.9999984","99.9999984","99.9999984","99.9999984","",
